{
   "block_dim":[
      47,
      39,
      5
   ],
   "block_sz":[
      30,
      30,
      30
   ],
   "camera_front":0,
   "camera_res":[
      1008,
      756
   ],
   "camera_transform":[
      0,
      0,
      0,
      0,
      0,
      0,
      0,
      0,
      0,
      0,
      0,
      0,
      0,
      0,
      0,
      0
   ],
   "env_map_start_res":[
      0,
      0
   ],
   "grid_half_side":[
      0,
      0,
      0
   ],
   "grid_offset":[
      0,
      0,
      0
   ],
   "grid_start_res":[
      1410,
      1170,
      150
   ],
   "num_bands":7,
   "num_cams_all":34,
   "ref_V":[
      0.99990671873092651,
      0.0023665381595492363,
      -0.013459990732371807,
      -0,
      0.0025097760371863842,
      -0.99994027614593506,
      0.010634808801114559,
      0,
      -0.01343401987105608,
      -0.010667596012353897,
      -0.99985301494598389,
      0,
      -0.13479277491569519,
      0.11613079160451889,
      -9.9949760437011719,
      1
   ],
   "ref_intrinsics":[
      893.7646484375,
      893.7646484375,
      504,
      378
   ],
   "sh_max":[
      [
         0.8779296875,
         1.4921875,
         0.9833984375,
         0.97021484375,
         2.310546875,
         3.67578125,
         0.98974609375,
         2.77734375,
         5.6015625,
         0.50634765625,
         0.494140625,
         0.70458984375,
         0.69775390625,
         2.33984375,
         2.279296875,
         0.94287109375,
         2.71875,
         2.201171875,
         0.67041015625,
         1.375,
         0.89990234375,
         0.7060546875,
         2.548828125,
         3.939453125,
         1.07421875,
         2.314453125,
         4.15625
      ]
   ],
   "sh_min":[
      [
         -0.68798828125,
         -0.61328125,
         -1.2529296875,
         -0.94091796875,
         -3.373046875,
         -2.375,
         -1.546875,
         -2.603515625,
         -1.40234375,
         -0.6904296875,
         -0.66650390625,
         -1.150390625,
         -0.5986328125,
         -1.65234375,
         -2.125,
         -1.3046875,
         -1.8505859375,
         -1.2822265625,
         -0.67626953125,
         -1.1435546875,
         -0.9765625,
         -0.80810546875,
         -1.9345703125,
         -2.927734375,
         -1.3203125,
         -3.181640625,
         -1.9912109375
      ]
   ],
   "type":"LLFF",
   "valid_threshold":5
}