{
   "block_dim":[
      9,
      9,
      5
   ],
   "block_sz":[
      30,
      30,
      30
   ],
   "camera_front":0,
   "camera_res":[
      1008,
      756
   ],
   "camera_transform":[
      0,
      0,
      0,
      0,
      0,
      0,
      0,
      0,
      0,
      0,
      0,
      0,
      0,
      0,
      0,
      0
   ],
   "env_map_start_res":[
      0,
      0
   ],
   "grid_half_side":[
      0,
      0,
      0
   ],
   "grid_offset":[
      0,
      0,
      0
   ],
   "grid_start_res":[
      270,
      270,
      150
   ],
   "num_bands":7,
   "num_cams_all":55,
   "ref_V":[
      0.9996340274810791,
      0.007433625403791666,
      0.026010967791080475,
      -0,
      0.0067256721667945385,
      -0.99960732460021973,
      0.027199912816286087,
      0,
      0.02620294876396656,
      -0.027015017345547676,
      -0.99929147958755493,
      -0,
      -0.15542258322238922,
      0.16950803995132446,
      -10.02933406829834,
      1
   ],
   "ref_intrinsics":[
      832.46746826171875,
      832.46746826171875,
      504,
      378
   ],
   "sh_max":[
      [
         4.65234375,
         1.6640625,
         5.8515625,
         2.76953125,
         4.1328125,
         3.400390625,
         6.2890625,
         4.37890625,
         6.47265625,
         3.7421875,
         2.423828125,
         5.05078125,
         2.62109375,
         4.30078125,
         4.13671875,
         5.55078125,
         4.19140625,
         6.17578125,
         2.6484375,
         2.37890625,
         4.00390625,
         2.03125,
         4.11328125,
         4.14453125,
         4.6875,
         3.654296875,
         5.27734375
      ]
   ],
   "sh_min":[
      [
         -4.42578125,
         -2.8125,
         -5.890625,
         -1.28125,
         -2.857421875,
         -4.37890625,
         -6.30859375,
         -3.767578125,
         -2.9921875,
         -4.4140625,
         -2.62890625,
         -6.28515625,
         -1.029296875,
         -3.09375,
         -4.2734375,
         -7.01171875,
         -3.34375,
         -2.8046875,
         -4.3125,
         -1.9609375,
         -6.37890625,
         -0.93310546875,
         -3.671875,
         -3.79296875,
         -7.17578125,
         -2.779296875,
         -3.37890625
      ]
   ],
   "type":"LLFF",
   "valid_threshold":5
}