{
   "block_dim":[
      9,
      9,
      5
   ],
   "block_sz":[
      30,
      30,
      30
   ],
   "camera_front":0,
   "camera_res":[
      1008,
      756
   ],
   "camera_transform":[
      0,
      0,
      0,
      0,
      0,
      0,
      0,
      0,
      0,
      0,
      0,
      0,
      0,
      0,
      0,
      0
   ],
   "env_map_start_res":[
      0,
      0
   ],
   "grid_half_side":[
      0,
      0,
      0
   ],
   "grid_offset":[
      0,
      0,
      0
   ],
   "grid_start_res":[
      270,
      270,
      150
   ],
   "num_bands":7,
   "num_cams_all":55,
   "ref_V":[
      0.9996340274810791,
      0.007433625403791666,
      0.026010967791080475,
      -0,
      0.0067256721667945385,
      -0.99960732460021973,
      0.027199912816286087,
      0,
      0.02620294876396656,
      -0.027015017345547676,
      -0.99929147958755493,
      -0,
      -0.15542258322238922,
      0.16950803995132446,
      -10.02933406829834,
      1
   ],
   "ref_intrinsics":[
      832.46746826171875,
      832.46746826171875,
      504,
      378
   ],
   "sh_max":[
      [
         4.80078125,
         1.775390625,
         6.04296875,
         2.697265625,
         4.0703125,
         3.5234375,
         6.4921875,
         4.22265625,
         6.46875,
         3.8515625,
         2.4765625,
         5.203125,
         2.630859375,
         4.24609375,
         4.2421875,
         5.71484375,
         4.15234375,
         6.15625,
         2.6171875,
         2.439453125,
         4.1328125,
         2.072265625,
         4.1875,
         4.25,
         4.828125,
         3.646484375,
         5.2578125
      ]
   ],
   "sh_min":[
      [
         -4.35546875,
         -2.6875,
         -5.81640625,
         -1.357421875,
         -2.89453125,
         -4.28515625,
         -6.171875,
         -3.849609375,
         -2.822265625,
         -4.36328125,
         -2.470703125,
         -6.17578125,
         -1.2744140625,
         -2.96875,
         -4.1328125,
         -6.87109375,
         -3.412109375,
         -2.6953125,
         -4.23046875,
         -1.81640625,
         -6.29296875,
         -1.3740234375,
         -3.572265625,
         -3.677734375,
         -7.0625,
         -2.857421875,
         -3.416015625
      ]
   ],
   "type":"LLFF",
   "valid_threshold":5
}