{
   "block_dim":[
      16,
      16,
      4
   ],
   "block_sz":[
      32,
      32,
      32
   ],
   "camera_front":0,
   "camera_res":[
      1008,
      756
   ],
   "camera_transform":[
      0,
      0,
      0,
      0,
      0,
      0,
      0,
      0,
      0,
      0,
      0,
      0,
      0,
      0,
      0,
      0
   ],
   "env_map_start_res":[
      0,
      0
   ],
   "grid_half_side":[
      0,
      0,
      0
   ],
   "grid_offset":[
      0,
      0,
      0
   ],
   "grid_start_res":[
      512,
      512,
      128
   ],
   "num_bands":7,
   "num_cams_all":34,
   "ref_V":[
      0.99990671873092651,
      0.0023665381595492363,
      -0.013459990732371807,
      -0,
      0.0025097760371863842,
      -0.99994027614593506,
      0.010634808801114559,
      0,
      -0.01343401987105608,
      -0.010667596012353897,
      -0.99985301494598389,
      0,
      -0.13479277491569519,
      0.11613079160451889,
      -9.9949760437011719,
      1
   ],
   "ref_intrinsics":[
      893.7646484375,
      893.7646484375,
      504,
      378
   ],
   "sh_max":[
      [
         1.0595703125,
         1.6748046875,
         1.3603515625,
         1.236328125,
         2.876953125,
         3.818359375,
         1.556640625,
         3.21875,
         6.8125,
         0.55712890625,
         0.62646484375,
         0.9873046875,
         0.9423828125,
         3.001953125,
         2.740234375,
         1.396484375,
         2.99609375,
         3.06640625,
         0.87109375,
         1.009765625,
         1.3115234375,
         0.86181640625,
         2.89453125,
         4.0546875,
         1.4873046875,
         3.021484375,
         4.52734375
      ]
   ],
   "sh_min":[
      [
         -1.150390625,
         -0.783203125,
         -2.001953125,
         -1.0234375,
         -3.966796875,
         -3.03515625,
         -2.435546875,
         -2.888671875,
         -1.935546875,
         -0.79150390625,
         -0.72607421875,
         -1.6376953125,
         -0.83642578125,
         -1.8427734375,
         -3.0625,
         -1.9609375,
         -2.220703125,
         -1.9833984375,
         -0.8134765625,
         -1.3974609375,
         -1.67578125,
         -0.85009765625,
         -3.095703125,
         -4.109375,
         -2.064453125,
         -3.15625,
         -2.578125
      ]
   ],
   "type":"LLFF",
   "valid_threshold":5
}
