{
   "block_dim":[
      18,
      18,
      5
   ],
   "block_sz":[
      30,
      30,
      30
   ],
   "camera_front":0,
   "camera_res":[
      1008,
      756
   ],
   "camera_transform":[
      0,
      0,
      0,
      0,
      0,
      0,
      0,
      0,
      0,
      0,
      0,
      0,
      0,
      0,
      0,
      0
   ],
   "env_map_start_res":[
      0,
      0
   ],
   "grid_half_side":[
      0,
      0,
      0
   ],
   "grid_offset":[
      0,
      0,
      0
   ],
   "grid_start_res":[
      540,
      540,
      150
   ],
   "num_bands":7,
   "num_cams_all":55,
   "ref_V":[
      0.9996340274810791,
      0.007433625403791666,
      0.026010967791080475,
      -0,
      0.0067256721667945385,
      -0.99960732460021973,
      0.027199912816286087,
      0,
      0.02620294876396656,
      -0.027015017345547676,
      -0.99929147958755493,
      -0,
      -0.15542258322238922,
      0.16950803995132446,
      -10.02933406829834,
      1
   ],
   "ref_intrinsics":[
      832.46746826171875,
      832.46746826171875,
      504,
      378
   ],
   "sh_max":[
      [
         2.1953125,
         1.63671875,
         3.150390625,
         1.5576171875,
         3.482421875,
         2.78515625,
         3.439453125,
         2.66015625,
         6.1328125,
         1.626953125,
         1.8095703125,
         2.619140625,
         1.51171875,
         3.533203125,
         2.953125,
         3.142578125,
         2.6796875,
         5.78125,
         1.5888671875,
         1.69140625,
         2.328125,
         1.5546875,
         3.44921875,
         2.984375,
         2.876953125,
         2.82421875,
         4.8125
      ]
   ],
   "sh_min":[
      [
         -2.244140625,
         -1.5380859375,
         -3.85546875,
         -1.2783203125,
         -2.728515625,
         -2.853515625,
         -4.3984375,
         -2.37109375,
         -2.583984375,
         -1.931640625,
         -1.3857421875,
         -3.765625,
         -1.4033203125,
         -2.8359375,
         -2.66796875,
         -4.3984375,
         -2.4296875,
         -2.23046875,
         -2.01171875,
         -1.09765625,
         -3.078125,
         -1.390625,
         -3.306640625,
         -2.892578125,
         -3.76171875,
         -2.544921875,
         -3.4921875
      ]
   ],
   "type":"LLFF",
   "valid_threshold":5
}