{
   "block_dim":[
      9,
      9,
      5
   ],
   "block_sz":[
      30,
      30,
      30
   ],
   "camera_front":0,
   "camera_res":[
      1008,
      756
   ],
   "camera_transform":[
      0,
      0,
      0,
      0,
      0,
      0,
      0,
      0,
      0,
      0,
      0,
      0,
      0,
      0,
      0,
      0
   ],
   "env_map_start_res":[
      0,
      0
   ],
   "grid_half_side":[
      0,
      0,
      0
   ],
   "grid_offset":[
      0,
      0,
      0
   ],
   "grid_start_res":[
      270,
      270,
      150
   ],
   "num_bands":7,
   "num_cams_all":34,
   "ref_V":[
      0.99990671873092651,
      0.0023665381595492363,
      -0.013459990732371807,
      -0,
      0.0025097760371863842,
      -0.99994027614593506,
      0.010634808801114559,
      0,
      -0.01343401987105608,
      -0.010667596012353897,
      -0.99985301494598389,
      0,
      -0.13479277491569519,
      0.11613079160451889,
      -9.9949760437011719,
      1
   ],
   "ref_intrinsics":[
      893.7646484375,
      893.7646484375,
      504,
      378
   ],
   "sh_max":[
      [
         1.3466796875,
         1.2998046875,
         2.513671875,
         1.33984375,
         3.359375,
         3.630859375,
         3.279296875,
         4.609375,
         5.875,
         0.7451171875,
         0.56884765625,
         1.7353515625,
         0.440673828125,
         5.296875,
         3.341796875,
         2.19921875,
         2.65234375,
         3.32421875,
         1.38671875,
         0.94580078125,
         1.970703125,
         0.6806640625,
         4.83984375,
         3.583984375,
         2.5078125,
         2.796875,
         3.322265625
      ]
   ],
   "sh_min":[
      [
         -2.091796875,
         -0.93896484375,
         -3.64453125,
         -1.4228515625,
         -5.25390625,
         -4.48046875,
         -4.38671875,
         -3.568359375,
         -3.078125,
         -1.12890625,
         -1.16015625,
         -2.556640625,
         -0.67333984375,
         -2.626953125,
         -5.3828125,
         -3.392578125,
         -2.8671875,
         -3.482421875,
         -1.052734375,
         -0.9794921875,
         -2.6875,
         -1.0927734375,
         -3.21484375,
         -4.8828125,
         -3.478515625,
         -3.412109375,
         -2.6875
      ]
   ],
   "type":"LLFF",
   "valid_threshold":5
}