{
   "block_dim":32,
   "block_sz":14,
   "camera_front":1,
   "camera_res":[
      720,
      1280
   ],
   "camera_transform":[
      -0.95636802911758423,
      0.17973574995994568,
      -0.23033702373504639,
      0,
      -0.17690345644950867,
      -0.98367267847061157,
      -0.033066075295209885,
      0,
      -0.23251941800117493,
      0.0091240657493472099,
      0.9725489616394043,
      0,
      -0.52000868320465088,
      0.87574684619903564,
      1.2379964590072632,
      1
   ],
   "env_map_start_res":[
      448,
      448
   ],
   "grid_half_side":[
      1.1385703086853027,
      1.6251702308654785,
      1.0416662693023682
   ],
   "grid_offset":[
      0,
      0,
      0
   ],
   "grid_start_res":[
      448,
      448,
      448
   ],
   "hierarchical_levels":4,
   "num_bands":7,
   "num_cams_all":184,
   "type":"REAL_360",
   "valid_threshold":1
}