{
   "block_dim":[
      18,
      18,
      5
   ],
   "block_sz":[
      30,
      30,
      30
   ],
   "camera_front":0,
   "camera_res":[
      1008,
      756
   ],
   "camera_transform":[
      0,
      0,
      0,
      0,
      0,
      0,
      0,
      0,
      0,
      0,
      0,
      0,
      0,
      0,
      0,
      0
   ],
   "env_map_start_res":[
      0,
      0
   ],
   "grid_half_side":[
      0,
      0,
      0
   ],
   "grid_offset":[
      0,
      0,
      0
   ],
   "grid_start_res":[
      540,
      540,
      150
   ],
   "num_bands":7,
   "num_cams_all":55,
   "ref_V":[
      0.9996340274810791,
      0.007433625403791666,
      0.026010967791080475,
      -0,
      0.0067256721667945385,
      -0.99960732460021973,
      0.027199912816286087,
      0,
      0.02620294876396656,
      -0.027015017345547676,
      -0.99929147958755493,
      -0,
      -0.15542258322238922,
      0.16950803995132446,
      -10.02933406829834,
      1
   ],
   "ref_intrinsics":[
      832.46746826171875,
      832.46746826171875,
      504,
      378
   ],
   "sh_max":[
      [
         2.044921875,
         1.5380859375,
         2.96875,
         1.5908203125,
         3.490234375,
         2.7109375,
         3.251953125,
         2.73828125,
         6.17578125,
         1.7197265625,
         1.7236328125,
         2.423828125,
         1.5224609375,
         3.552734375,
         2.896484375,
         2.82421875,
         2.873046875,
         5.82421875,
         1.70703125,
         1.6474609375,
         2.142578125,
         1.6865234375,
         3.40234375,
         2.919921875,
         2.4140625,
         3.064453125,
         4.859375
      ]
   ],
   "sh_min":[
      [
         -2.234375,
         -1.603515625,
         -3.841796875,
         -1.2861328125,
         -2.794921875,
         -2.861328125,
         -4.3828125,
         -2.2109375,
         -2.705078125,
         -1.9287109375,
         -1.4423828125,
         -3.75,
         -1.4140625,
         -2.921875,
         -2.693359375,
         -4.3828125,
         -2.283203125,
         -2.4140625,
         -1.9951171875,
         -1.041015625,
         -3.0625,
         -1.283203125,
         -3.388671875,
         -2.73828125,
         -3.744140625,
         -2.123046875,
         -3.482421875
      ]
   ],
   "type":"LLFF",
   "valid_threshold":5
}