{
   "block_dim":[
      18,
      18,
      5
   ],
   "block_sz":[
      30,
      30,
      30
   ],
   "camera_front":0,
   "camera_res":[
      1008,
      756
   ],
   "camera_transform":[
      0,
      0,
      0,
      0,
      0,
      0,
      0,
      0,
      0,
      0,
      0,
      0,
      0,
      0,
      0,
      0
   ],
   "env_map_start_res":[
      0,
      0
   ],
   "grid_half_side":[
      0,
      0,
      0
   ],
   "grid_offset":[
      0,
      0,
      0
   ],
   "grid_start_res":[
      540,
      540,
      150
   ],
   "num_bands":7,
   "num_cams_all":34,
   "ref_V":[
      0.99990671873092651,
      0.0023665381595492363,
      -0.013459990732371807,
      -0,
      0.0025097760371863842,
      -0.99994027614593506,
      0.010634808801114559,
      0,
      -0.01343401987105608,
      -0.010667596012353897,
      -0.99985301494598389,
      0,
      -0.13479277491569519,
      0.11613079160451889,
      -9.9949760437011719,
      1
   ],
   "ref_intrinsics":[
      893.7646484375,
      893.7646484375,
      504,
      378
   ],
   "sh_max":[
      [
         1.1025390625,
         1.28125,
         1.3818359375,
         1.279296875,
         3.166015625,
         3.1796875,
         1.7197265625,
         3.87109375,
         6.1796875,
         0.61572265625,
         0.60546875,
         0.9970703125,
         0.84130859375,
         3.8515625,
         2.599609375,
         1.2744140625,
         2.880859375,
         2.94140625,
         0.86669921875,
         1.13671875,
         1.072265625,
         1.296875,
         2.474609375,
         4.01171875,
         1.328125,
         2.517578125,
         3.259765625
      ]
   ],
   "sh_min":[
      [
         -1.1494140625,
         -0.9677734375,
         -1.7587890625,
         -1.2470703125,
         -4.63671875,
         -3.9453125,
         -2.298828125,
         -3.046875,
         -2.0703125,
         -0.71142578125,
         -0.96240234375,
         -1.4775390625,
         -0.63330078125,
         -1.8408203125,
         -4.59375,
         -1.7626953125,
         -2.306640625,
         -1.990234375,
         -0.9287109375,
         -1.55078125,
         -1.6572265625,
         -1.1357421875,
         -2.673828125,
         -4.1171875,
         -2.03515625,
         -3.5625,
         -1.84765625
      ]
   ],
   "type":"LLFF",
   "valid_threshold":5
}