{
   "block_dim":32,
   "block_sz":14,
   "camera_front":1,
   "camera_res":[
      720,
      1280
   ],
   "camera_transform":[
      -0.75808566808700562,
      0.081949338316917419,
      -0.64698565006256104,
      0,
      0.060629125684499741,
      -0.97892099618911743,
      -0.19503365457057953,
      0,
      -0.649330735206604,
      -0.18707840144634247,
      0.73713743686676025,
      0,
      1.1060488224029541,
      0.87819880247116089,
      -0.37951591610908508,
      1
   ],
   "env_map_start_res":[
      448,
      448
   ],
   "grid_half_side":[
      1.0277860164642334,
      1.5663390159606934,
      0.79708385467529297
   ],
   "grid_offset":[
      0,
      0,
      0
   ],
   "grid_start_res":[
      448,
      448,
      448
   ],
   "hierarchical_levels":5,
   "num_bands":7,
   "num_cams_all":184,
   "type":"REAL_360",
   "valid_threshold":1.5
}