{
   "block_dim":[
      18,
      18,
      5
   ],
   "block_sz":[
      30,
      30,
      30
   ],
   "camera_front":0,
   "camera_res":[
      1008,
      756
   ],
   "camera_transform":[
      0,
      0,
      0,
      0,
      0,
      0,
      0,
      0,
      0,
      0,
      0,
      0,
      0,
      0,
      0,
      0
   ],
   "env_map_start_res":[
      0,
      0
   ],
   "grid_half_side":[
      0,
      0,
      0
   ],
   "grid_offset":[
      0,
      0,
      0
   ],
   "grid_start_res":[
      540,
      540,
      150
   ],
   "num_bands":7,
   "num_cams_all":25,
   "ref_V":[
      0.99997991323471069,
      -0.0032056709751486778,
      -0.0054877270013093948,
      -0,
      -0.0031770416535437107,
      -0.99998146295547485,
      0.0052177393808960915,
      0,
      -0.0055043520405888557,
      -0.0052001993171870708,
      -0.99997144937515259,
      -0,
      -0.22955223917961121,
      0.073730051517486572,
      -9.9773273468017578,
      1
   ],
   "ref_intrinsics":[
      749.57342529296875,
      749.57342529296875,
      504,
      378
   ],
   "sh_max":[
      [
         1.13671875,
         2.2734375,
         2.603515625,
         2.26171875,
         6.796875,
         3.720703125,
         3.20703125,
         3.955078125,
         7.30078125,
         1.0771484375,
         2.443359375,
         2.388671875,
         3.15234375,
         8.1015625,
         4.109375,
         2.966796875,
         6.40625,
         6.7734375,
         0.97265625,
         2.529296875,
         2.443359375,
         2.947265625,
         7.9296875,
         4.3828125,
         3.04296875,
         6.1171875,
         6.8828125
      ]
   ],
   "sh_min":[
      [
         -1.677734375,
         -2.201171875,
         -2.447265625,
         -2.08203125,
         -4.94921875,
         -5.484375,
         -2.587890625,
         -3.67578125,
         -7.28125,
         -1.6142578125,
         -2.79296875,
         -2.376953125,
         -2.896484375,
         -7.03125,
         -5.515625,
         -2.525390625,
         -5.46875,
         -7.52734375,
         -1.384765625,
         -2.591796875,
         -2.1640625,
         -2.560546875,
         -6.828125,
         -5.33984375,
         -2.37890625,
         -5.484375,
         -7.87890625
      ]
   ],
   "type":"LLFF",
   "valid_threshold":5
}