{
   "block_dim":[
      9,
      9,
      5
   ],
   "block_sz":[
      30,
      30,
      30
   ],
   "camera_front":0,
   "camera_res":[
      1008,
      756
   ],
   "camera_transform":[
      0,
      0,
      0,
      0,
      0,
      0,
      0,
      0,
      0,
      0,
      0,
      0,
      0,
      0,
      0,
      0
   ],
   "env_map_start_res":[
      0,
      0
   ],
   "grid_half_side":[
      0,
      0,
      0
   ],
   "grid_offset":[
      0,
      0,
      0
   ],
   "grid_start_res":[
      270,
      270,
      150
   ],
   "num_bands":7,
   "num_cams_all":25,
   "ref_V":[
      0.99997991323471069,
      -0.0032056709751486778,
      -0.0054877270013093948,
      -0,
      -0.0031770416535437107,
      -0.99998146295547485,
      0.0052177393808960915,
      0,
      -0.0055043520405888557,
      -0.0052001993171870708,
      -0.99997144937515259,
      -0,
      -0.22955223917961121,
      0.073730051517486572,
      -9.9773273468017578,
      1
   ],
   "ref_intrinsics":[
      749.57342529296875,
      749.57342529296875,
      504,
      378
   ],
   "sh_max":[
      [
         2.0546875,
         2.861328125,
         3.41796875,
         2.240234375,
         7.7421875,
         4.53125,
         4.078125,
         4.7421875,
         7.6484375,
         2.021484375,
         2.87890625,
         3.359375,
         3.484375,
         8.2421875,
         5.1640625,
         4.02734375,
         6.59375,
         7.0546875,
         1.916015625,
         2.908203125,
         3.26171875,
         3.330078125,
         8.3046875,
         5.29296875,
         3.9375,
         6.30078125,
         7.23046875
      ]
   ],
   "sh_min":[
      [
         -2.27734375,
         -4.1171875,
         -3.9375,
         -2.12890625,
         -6.47265625,
         -6.30859375,
         -4.5,
         -4.19921875,
         -8.6875,
         -2.18359375,
         -4.3203125,
         -3.837890625,
         -3.140625,
         -7.44140625,
         -6.43359375,
         -4.38671875,
         -5.828125,
         -7.88671875,
         -2.3671875,
         -4.41796875,
         -3.541015625,
         -3.03125,
         -7.28125,
         -6.51171875,
         -4.3671875,
         -5.3828125,
         -8.2421875
      ]
   ],
   "type":"LLFF",
   "valid_threshold":5
}